Generator adv loss, Generator dream acc loss, Discriminator adv loss
0.022344278171658516,0.2287558764219284,0.04632645100355148
0.020129559561610222,0.002705537248402834,0.040031224489212036
